index,Figure ID,Chapter,Section,Type,Description,Alt Text,Priority,Status
100,FIG-01-20-005,01-20,20.5,diagram,Curve with magnified inset showing the right triangle of legs dx and dy with hypotenuse dL along the curve,Curve with magnified inset showing the right triangle of legs dx and dy with hypotenuse dL along the curve,,specified
101,FIG-01-20-006,01-20,20.6,graph,"Parabolic spandrel under y = x² to x = 3 with slice centroid at mid-height and overall centroid marked at (2.25, 2.70)","Parabolic spandrel under y = x² to x = 3 with slice centroid at mid-height and overall centroid marked at (2.25, 2.70)",,specified
102,FIG-01-20-007,01-20,20.7,diagram,"Rectangle with centroidal and base axes labeled bh³/12 and bh³/3, transfer distance d = h/2, and the Ad² transfer written out","Rectangle with centroidal and base axes labeled bh³/12 and bh³/3, transfer distance d = h/2, and the Ad² transfer written out",,specified
103,FIG-01-20-008,01-20,20.8,diagram,"Cross-section of a 1.5 m by 4.0 m cylindrical tank with one water slice at height y, lift distance 4.0 − y, and the centroid line at y = 2.0","Cross-section of a 1.5 m by 4.0 m cylindrical tank with one water slice at height y, lift distance 4.0 − y, and the centroid line at y = 2.0",,specified
104,FIG-01-21-001,01-21,21.1,diagram,"Product rule forward versus integration by parts reversed, with the worked instance of ∫x·eˣdx tagged by u and dv","Product rule forward versus integration by parts reversed, with the worked instance of ∫x·eˣdx tagged by u and dv",,specified
105,FIG-01-21-002,01-21,21.3,diagram,"Three reference triangles for x = a sinθ, x = a tanθ, and x = a secθ with all sides labeled and the eliminated radical boxed","Three reference triangles for x = a sinθ, x = a tanθ, and x = a secθ with all sides labeled and the eliminated radical boxed",,specified
106,FIG-01-21-003,01-21,21.4,flowchart,Decision flow from rational function through properness check and factoring to the three decomposition templates and constant solving,Decision flow from rational function through properness check and factoring to the three decomposition templates and constant solving,,specified
107,FIG-01-21-004,01-21,21.5,graph,"Side-by-side shaded regions under 1/x² and 1/x on [1,∞) with the p-test summary between them","Side-by-side shaded regions under 1/x² and 1/x on [1,∞) with the p-test summary between them",,specified
108,FIG-01-21-005,01-21,21.6,flowchart,"Vertical decision chart routing an unfamiliar integral through algebra, table, substitution, parts, identities, trig substitution, and partial fractions to numerical methods","Vertical decision chart routing an unfamiliar integral through algebra, table, substitution, parts, identities, trig substitution, and partial fractions to numerical methods",,specified
109,FIG-01-21-006,01-21,21.7,graph,"Force pulse F = 500(t/τ)e^(−t/τ) with peak marked at (0.040, 184); impulse split into 26.4 percent before the peak and 73.6 percent after","Force pulse F = 500(t/τ)e^(−t/τ) with peak marked at (0.040, 184); impulse split into 26.4 percent before the peak and 73.6 percent after",,specified
110,FIG-01-22-001,01-22,22.1,graph,Partial sums of Σ1/2ⁿ levelling at 1 above partial sums of the harmonic series still climbing at n = 20,Partial sums of Σ1/2ⁿ levelling at 1 above partial sums of the harmonic series still climbing at n = 20,,specified
111,FIG-01-22-002,01-22,22.2,graph,"Decreasing curve with two sets of unit-width rectangles bracketing the area above and below, illustrating the integral test","Decreasing curve with two sets of unit-width rectangles bracketing the area above and below, illustrating the integral test",,specified
112,FIG-01-22-003,01-22,22.3,diagram,"Number line with centre a, radius R to each endpoint, endpoints flagged for separate testing, and the [−1,5) worked case inset","Number line with centre a, radius R to each endpoint, endpoints flagged for separate testing, and the [−1,5) worked case inset",,specified
113,FIG-01-22-004,01-22,22.4,graph,"y = sin x on [−π,π] with P₁, P₃, and P₅ overlaid, each labeled where it departs from the sine","y = sin x on [−π,π] with P₁, P₃, and P₅ overlaid, each labeled where it departs from the sine",,specified
114,FIG-01-22-005,01-22,22.6,graph,"Semi-log relative error against angle to 40 degrees for sinθ ≈ θ, sinθ ≈ θ − θ³/6, and cosθ ≈ 1 − θ²/2 with a 1 percent reference line crossing near 14 degrees","Semi-log relative error against angle to 40 degrees for sinθ ≈ θ, sinθ ≈ θ − θ³/6, and cosθ ≈ 1 − θ²/2 with a 1 percent reference line crossing near 14 degrees",,specified
115,FIG-01-22-006,01-22,22.7,graph,Exact h = 4.5(1 − e^(−t/6)) with one- and two-term approximations overlaid and the 1 percent linear validity band of 7 s shaded at the origin,Exact h = 4.5(1 − e^(−t/6)) with one- and two-term approximations overlaid and the 1 percent linear validity band of 7 s shaded at the origin,,specified
116,FIG-01-23-001,01-23,23.1,diagram,"Two panels show the dimensionless surface z=x²+y² and its contour map. The surface is cut by four horizontal planes at z=1,2,3,4. The matching map has four circles of radii 1, √2, √3, and 2 labeled with those levels. The equal height increments produce progressively smaller outward radial gaps, illustrating increasing steepness. Line styles and labels distinguish the levels without relying on color.","Two panels show the dimensionless surface z=x²+y² and its contour map. The surface is cut by four horizontal planes at z=1,2,3,4. The matching map has four circles of radii 1, √2, √3, and 2 labeled with those levels. The equal height increments produce progressively smaller outward radial gaps, illustrating increasing steepness. Line styles and labels distinguish the levels without relying on color.",,specified
117,FIG-01-23-002,01-23,23.2,diagram,"A surface z = f(x,y) drawn in three dimensions with a point P marked on it. Two vertical cutting planes pass through P: one holding y constant, producing a trace curve on the surface with a tangent line drawn along it labeled ""slope = ∂f/∂x""; the other holding x constant, producing a second trace curve with a tangent line labeled ""slope = ∂f/∂y"". The two tangent lines are shown meeting at P, and a dashed parallelogram through them indicates the tangent plane they span.","A surface z = f(x,y) drawn in three dimensions with a point P marked on it. Two vertical cutting planes pass through P: one holding y constant, producing a trace curve on the surface with a tangent line drawn along it labeled ""slope = ∂f/∂x""; the other holding x constant, producing a second trace curve with a tangent line labeled ""slope = ∂f/∂y"". The two tangent lines are shown meeting at P, and a dashed parallelogram through them indicates the tangent plane they span.",,specified
118,FIG-01-23-003,01-23,23.3,diagram,"A smooth curved surface and its tangent plane meet at a marked point P. The plane matches the surface closely near P and separates farther away. Horizontal input increments Δx and Δy identify a nearby point; the plane's output change df is distinguished from the true surface change Δf. A vertical bracket marks the approximation error, described as second order for bounded second partials and sufficiently small steps.","A smooth curved surface and its tangent plane meet at a marked point P. The plane matches the surface closely near P and separates farther away. Horizontal input increments Δx and Δy identify a nearby point; the plane's output change df is distinguished from the true surface change Δf. A vertical bracket marks the approximation error, described as second order for bounded second partials and sufficiently small steps.",,specified
119,FIG-01-23-004,01-23,23.5,diagram,"A contour map of a scalar field with five nested irregular closed contours labeled with equally spaced increasing values, tightly spaced on the left side and widely spaced on the right. At six points around the map, gradient vectors are drawn as arrows, each perpendicular to the local contour and pointing toward the higher-valued contour. The arrows on the tightly spaced left side are drawn long and labeled ""large |∇f| — steep""; those on the widely spaced right side are drawn short and labeled ""small |∇f| — gentle"". A note reads ""gradient ⊥ contours, pointing uphill"".","A contour map of a scalar field with five nested irregular closed contours labeled with equally spaced increasing values, tightly spaced on the left side and widely spaced on the right. At six points around the map, gradient vectors are drawn as arrows, each perpendicular to the local contour and pointing toward the higher-valued contour. The arrows on the tightly spaced left side are drawn long and labeled ""large |∇f| — steep""; those on the widely spaced right side are drawn short and labeled ""small |∇f| — gentle"". A note reads ""gradient ⊥ contours, pointing uphill"".",,specified
120,FIG-01-23-005,01-23,23.6,diagram,"Two-panel figure of field-line sketches with small test objects. Left panel titled ""Divergence"": three sub-sketches — arrows radiating outward from a point labeled ""∇·F > 0, source"", arrows converging inward labeled ""∇·F < 0, sink"", and uniform parallel arrows through a small dashed box with equal numbers entering and leaving labeled ""∇·F = 0, solenoidal"". Right panel titled ""Curl"": two sub-sketches — a shear field with arrows of increasing length, a small paddle wheel drawn in it shown rotating with a curved arrow and the curl vector drawn out of the page labeled ""∇×F ≠ 0""; and a uniform field with an identical paddle wheel drawn stationary labeled ""∇×F = 0, irrotational"".","Two-panel figure of field-line sketches with small test objects. Left panel titled ""Divergence"": three sub-sketches — arrows radiating outward from a point labeled ""∇·F > 0, source"", arrows converging inward labeled ""∇·F < 0, sink"", and uniform parallel arrows through a small dashed box with equal numbers entering and leaving labeled ""∇·F = 0, solenoidal"". Right panel titled ""Curl"": two sub-sketches — a shear field with arrows of increasing length, a small paddle wheel drawn in it shown rotating with a curved arrow and the curl vector drawn out of the page labeled ""∇×F ≠ 0""; and a uniform field with an identical paddle wheel drawn stationary labeled ""∇×F = 0, irrotational"".",,specified
121,FIG-01-23-006,01-23,23.7,diagram,"Three three-dimensional surface sketches side by side, each with the critical point marked. Left, labeled ""D > 0, f_xx > 0 — local minimum"": a bowl opening upward with the point at the bottom, and two cross-section curves drawn through the point both curving upward. Centre, labeled ""D > 0, f_xx < 0 — local maximum"": a dome with the point at the top and both cross-sections curving downward. Right, labeled ""D < 0 — saddle point"": a saddle shape with one cross-section curving upward and the perpendicular one curving downward, annotated ""curvatures disagree"".","Three three-dimensional surface sketches side by side, each with the critical point marked. Left, labeled ""D > 0, f_xx > 0 — local minimum"": a bowl opening upward with the point at the bottom, and two cross-section curves drawn through the point both curving upward. Centre, labeled ""D > 0, f_xx < 0 — local maximum"": a dome with the point at the top and both cross-sections curving downward. Right, labeled ""D < 0 — saddle point"": a saddle shape with one cross-section curving upward and the perpendicular one curving downward, annotated ""curvatures disagree"".",,specified
122,FIG-01-23-007,01-23,23.7,diagram,"Equal-increment level curves of an objective function are crossed by a heavier smooth constraint curve g=c₀. At a regular candidate optimum the constraint is tangent to a level curve and nonzero gradient arrows ∇f and ∇g are parallel, labeled ∇f=λ_L∇g. At a crossing elsewhere, a tangent arrow along the constraint shows a feasible direction in which the objective changes. The drawing illustrates a necessary condition; the candidate still needs classification.","Equal-increment level curves of an objective function are crossed by a heavier smooth constraint curve g=c₀. At a regular candidate optimum the constraint is tangent to a level curve and nonzero gradient arrows ∇f and ∇g are parallel, labeled ∇f=λ_L∇g. At a crossing elsewhere, a tangent arrow along the constraint shows a feasible direction in which the objective changes. The drawing illustrates a necessary condition; the candidate still needs classification.",,specified
123,FIG-01-24-001,01-24,24.1,diagram,"A smooth surface z=f(x,y) above a rectangular xy-region divided into a fine grid. Several representative grid cells are extruded upward into narrow columns whose heights equal f at sample points. A sequence of three panels shows coarse columns, finer columns, and the limiting smooth volume, with the progression sum f(x_i*,y_i*) ΔA_i → double integral over D of f dA. The base patch dimensions Δx and Δy are labeled so ΔA=ΔxΔy. A footer states ""double integration adds contributions over area"".","A smooth surface z=f(x,y) above a rectangular xy-region divided into a fine grid. Several representative grid cells are extruded upward into narrow columns whose heights equal f at sample points. A sequence of three panels shows coarse columns, finer columns, and the limiting smooth volume, with the progression sum f(x_i*,y_i*) ΔA_i → double integral over D of f dA. The base patch dimensions Δx and Δy are labeled so ΔA=ΔxΔy. A footer states ""double integration adds contributions over area"".",,specified
124,FIG-01-24-002,01-24,24.2,diagram,"The same region between y=x² and y=2x from x=0 to x=2 is shown in two side-by-side coordinate plots. The left plot uses a representative vertical slice from y=x² up to y=2x and labels the setup 0≤x≤2, x²≤y≤2x, dy dx. The right plot uses a horizontal slice from x=y/2 to x=√y and labels 0≤y≤4, y/2≤x≤√y, dx dy. Arrows emphasize that changing integration order means re-describing the same region, not merely swapping dx and dy.","The same region between y=x² and y=2x from x=0 to x=2 is shown in two side-by-side coordinate plots. The left plot uses a representative vertical slice from y=x² up to y=2x and labels the setup 0≤x≤2, x²≤y≤2x, dy dx. The right plot uses a horizontal slice from x=y/2 to x=√y and labels 0≤y≤4, y/2≤x≤√y, dx dy. Arrows emphasize that changing integration order means re-describing the same region, not merely swapping dx and dy.",,specified
125,FIG-01-24-003,01-24,24.3,diagram,"A tilted plane z=6−x−y sits above the triangular base region x≥0, y≥0, x+y≤2 in the xy-plane. A representative vertical column rises from a small base patch dA to the plane and is labeled dV=z dA. The three triangular base edges and the plane intercept directions are labeled. A second annotation shows total volume as the sum of all columns and average height as V divided by base area.","A tilted plane z=6−x−y sits above the triangular base region x≥0, y≥0, x+y≤2 in the xy-plane. A representative vertical column rises from a small base patch dA to the plane and is labeled dV=z dA. The three triangular base edges and the plane intercept directions are labeled. A second annotation shows total volume as the sum of all columns and average height as V divided by base area.",,specified
126,FIG-01-24-004,01-24,24.4,diagram,"A rectangular lamina from x=0 to 2 and y=0 to 1 is shaded progressively darker toward increasing x to represent area density ρ_A=2(1+x). The geometric center at (1,0.5) is marked lightly, while the mass centroid at (7/6,0.5) is marked farther to the right. A small patch dA carries label dM=ρ_A dA. Horizontal symmetry is emphasized to show why y-bar remains 0.5 even though x-bar shifts.","A rectangular lamina from x=0 to 2 and y=0 to 1 is shaded progressively darker toward increasing x to represent area density ρ_A=2(1+x). The geometric center at (1,0.5) is marked lightly, while the mass centroid at (7/6,0.5) is marked farther to the right. A small patch dA carries label dM=ρ_A dA. Horizontal symmetry is emphasized to show why y-bar remains 0.5 even though x-bar shifts.",,specified
127,FIG-01-24-005,01-24,24.5,diagram,A small annular-sector area element in polar coordinates is magnified. Its radial thickness is labeled dr and its curved tangential dimension is labeled approximately r dθ. The product r dr dθ is shown as the differential area. Concentric circles and two radial rays illustrate that equal angular widths become physically wider as radius increases. A comparison inset shows that writing dr dθ alone incorrectly treats an angle as a length.,A small annular-sector area element in polar coordinates is magnified. Its radial thickness is labeled dr and its curved tangential dimension is labeled approximately r dθ. The product r dr dθ is shown as the differential area. Concentric circles and two radial rays illustrate that equal angular widths become physically wider as radius increases. A comparison inset shows that writing dr dθ alone incorrectly treats an angle as a length.,,specified
128,FIG-01-24-006,01-24,24.6,diagram,"A three-dimensional solid is shown sliced first into slabs, then a selected slab into strips, and finally a selected strip into a tiny rectangular box. The differential box dimensions dx, dy, dz are labeled and the progression ""solid → slab → strip → dV"" is shown beside the nested integral. A second small panel shows that after the innermost z integration, z disappears and the result is a function only of the remaining outer variables.","A three-dimensional solid is shown sliced first into slabs, then a selected slab into strips, and finally a selected strip into a tiny rectangular box. The differential box dimensions dx, dy, dz are labeled and the progression ""solid → slab → strip → dV"" is shown beside the nested integral. A second small panel shows that after the innermost z integration, z disappears and the result is a function only of the remaining outer variables.",,specified
129,FIG-01-24-007,01-24,24.7,diagram,"Two side-by-side three-dimensional differential elements. Left: a cylindrical wedge with dimensions dr, r dθ, and dz, labeled dV=r dr dθ dz. Right: a spherical wedge with radial thickness dρ, tangential dimensions ρ dφ and ρ sinφ dθ, labeled dV=ρ² sinφ dρ dφ dθ. The spherical diagram explicitly marks φ from the positive z-axis and θ as azimuth in the xy-plane. A footer connects both scale factors to the Jacobian idea: transformed coordinate grids stretch physical area and volume.","Two side-by-side three-dimensional differential elements. Left: a cylindrical wedge with dimensions dr, r dθ, and dz, labeled dV=r dr dθ dz. Right: a spherical wedge with radial thickness dρ, tangential dimensions ρ dφ and ρ sinφ dθ, labeled dV=ρ² sinφ dρ dφ dθ. The spherical diagram explicitly marks φ from the positive z-axis and θ as azimuth in the xy-plane. A footer connects both scale factors to the Jacobian idea: transformed coordinate grids stretch physical area and volume.",,specified
130,FIG-01-25-001,01-25,25.1,flowchart,"A decision map classifies differential equations. The first split asks whether the unknown depends on one independent variable or several, leading to ODE or PDE. The ODE branch then asks for order, then linear versus nonlinear. The linear branch splits into homogeneous g(t)=0 and nonhomogeneous g(t)≠0, with a final note to inspect whether coefficients are constant or variable. Small example equations are placed beside each branch.","A decision map classifies differential equations. The first split asks whether the unknown depends on one independent variable or several, leading to ODE or PDE. The ODE branch then asks for order, then linear versus nonlinear. The linear branch splits into homogeneous g(t)=0 and nonhomogeneous g(t)≠0, with a final note to inspect whether coefficients are constant or variable. Small example equations are placed beside each branch.",,specified
131,FIG-01-25-002,01-25,25.2,graph,"A slope field for y'=-0.5y is shown with short line segments: negative slopes above the t-axis, zero slope on y=0, and positive slopes below it. Several solution curves follow the field, including one starting at y=4 that decays toward zero and one starting below zero that rises toward zero. A vertical marker at one time constant τ=2 shows that the positive solution has fallen to e^-1 of its initial value.","A slope field for y'=-0.5y is shown with short line segments: negative slopes above the t-axis, zero slope on y=0, and positive slopes below it. Several solution curves follow the field, including one starting at y=4 that decays toward zero and one starting below zero that rises toward zero. A vertical marker at one time constant τ=2 shows that the positive solution has fallen to e^-1 of its initial value.",,specified
132,FIG-01-25-003,01-25,25.3,graph,"A first-order response begins at y0=1 and approaches the horizontal steady-state line y=3 according to y=3−2e^(−t/τ), with τ=0.5 s. A vertical line at t=τ marks y=2.264 and a bracket shows that 63.2% of the initial-to-final change has occurred. The total response is labeled steady state plus transient, and the shrinking gap to y=3 is labeled proportional to e^(−t/τ).","A first-order response begins at y0=1 and approaches the horizontal steady-state line y=3 according to y=3−2e^(−t/τ), with τ=0.5 s. A vertical line at t=τ marks y=2.264 and a bracket shows that 63.2% of the initial-to-final change has occurred. The total response is labeled steady state plus transient, and the shrinking gap to y=3 is labeled proportional to e^(−t/τ).",,specified
133,FIG-01-25-004,01-25,25.4,graph,"Three normalized time-response plots share the same axes and initial displacement. The overdamped curve returns to zero without oscillation using two distinct decaying exponentials; the critically damped curve returns faster without overshoot and is labeled repeated root; the underdamped curve crosses zero repeatedly inside a decaying exponential envelope and is labeled complex-conjugate roots. A small characteristic-root inset shows two negative real roots, one repeated negative root, and a complex pair with negative real part.","Three normalized time-response plots share the same axes and initial displacement. The overdamped curve returns to zero without oscillation using two distinct decaying exponentials; the critically damped curve returns faster without overshoot and is labeled repeated root; the underdamped curve crosses zero repeatedly inside a decaying exponential envelope and is labeled complex-conjugate roots. A small characteristic-root inset shows two negative real roots, one repeated negative root, and a complex pair with negative real part.",,specified
134,FIG-01-25-005,01-25,25.5,graph,A resonance illustration compares the forcing cos(2t) with a particular response 2t sin(2t). The response oscillates at the same angular frequency inside straight-line envelopes +2t and −2t whose magnitude grows with time. A side annotation shows that the ordinary sinusoidal trial duplicates the homogeneous solution and must be multiplied by t.,A resonance illustration compares the forcing cos(2t) with a particular response 2t sin(2t). The response oscillates at the same angular frequency inside straight-line envelopes +2t and −2t whose magnitude grows with time. A side annotation shows that the ordinary sinusoidal trial duplicates the homogeneous solution and must be multiplied by t.,,specified
135,FIG-01-25-006,01-25,25.6,flowchart,"A left-to-right workflow diagram begins with a time-domain initial-value problem, passes through a Laplace-transform block where derivatives become sY minus initial-condition terms, then an algebra block solves for Y(s), a partial-fraction block decomposes it, and an inverse-transform block returns y(t). The initial conditions are shown entering the transform block rather than being applied at the end.","A left-to-right workflow diagram begins with a time-domain initial-value problem, passes through a Laplace-transform block where derivatives become sY minus initial-condition terms, then an algebra block solves for Y(s), a partial-fraction block decomposes it, and an inverse-transform block returns y(t). The initial conditions are shown entering the transform block rather than being applied at the end.",,specified
136,FIG-01-25-007,01-25,25.7,diagram,"A coefficient ladder for the power-series solution of y''+y=0 starts with a0=1 and a1=0. Arrows use the recurrence a_(n+2)=−a_n/[(n+2)(n+1)] to generate the even coefficients 1, −1/2!, +1/4!, −1/6!, while the odd branch remains zero. The resulting series is shown converging to the curve y=cos t.","A coefficient ladder for the power-series solution of y''+y=0 starts with a0=1 and a1=0. Arrows use the recurrence a_(n+2)=−a_n/[(n+2)(n+1)] to generate the even coefficients 1, −1/2!, +1/4!, −1/6!, while the odd branch remains zero. The resulting series is shown converging to the curve y=cos t.",,specified
137,FIG-01-26-001,01-26,26.1,graph,"Conceptual log-scale error-versus-step-size plot. Truncation error slopes downward as h decreases, roundoff error rises at very small h, and their sum forms a broad U-shaped total-error curve with a marked practical step-size region near the minimum. A side panel distinguishes roundoff, truncation, discretization, and iteration error with one-line definitions.","Conceptual log-scale error-versus-step-size plot. Truncation error slopes downward as h decreases, roundoff error rises at very small h, and their sum forms a broad U-shaped total-error curve with a marked practical step-size region near the minimum. A side panel distinguishes roundoff, truncation, discretization, and iteration error with one-line definitions.",,specified
138,FIG-01-26-002,01-26,26.2,diagram,"Smooth curve y=f(x) with the point x marked. Three secant constructions show backward difference through x−h and x, forward difference through x and x+h, and centered difference through x−h and x+h. A tangent at x is drawn for comparison. A lower strip shows the centered second-difference stencil with coefficients 1, −2, 1 over h².","Smooth curve y=f(x) with the point x marked. Three secant constructions show backward difference through x−h and x, forward difference through x and x+h, and centered difference through x−h and x+h. A tangent at x is drawn for comparison. A lower strip shows the centered second-difference stencil with coefficients 1, −2, 1 over h².",,specified
139,FIG-01-26-003,01-26,26.3,diagram,"Root-finding comparison on one nonlinear curve. Left panel shows a bracket [a,b] with opposite signs and three successive bisection midpoints narrowing onto the root. Right panel shows Newton iterations: from x0 on the curve, a tangent meets the x-axis at x1, then a new tangent at x1 meets at x2 near the root. A footer contrasts ""bisection: guaranteed with a valid continuous bracket"" and ""Newton: usually faster, but start and slope matter"".","Root-finding comparison on one nonlinear curve. Left panel shows a bracket [a,b] with opposite signs and three successive bisection midpoints narrowing onto the root. Right panel shows Newton iterations: from x0 on the curve, a tangent meets the x-axis at x1, then a new tangent at x1 meets at x2 near the root. A footer contrasts ""bisection: guaranteed with a valid continuous bracket"" and ""Newton: usually faster, but start and slope matter"".",,specified
140,FIG-01-26-004,01-26,26.4,diagram,"Two-panel Newton minimization diagram. Left panel shows a one-dimensional objective h(x) with a local minimum x-star; at x0 the slope h' and curvature h'' determine a Newton step to x1, then x2 near the bottom. Right panel shows a contour map of h(x,y), a gradient arrow at x_k, and a Hessian-adjusted Newton step toward the basin minimum, with the matrix equation H Delta-x = −gradient h printed beside it.","Two-panel Newton minimization diagram. Left panel shows a one-dimensional objective h(x) with a local minimum x-star; at x0 the slope h' and curvature h'' determine a Newton step to x1, then x2 near the bottom. Right panel shows a contour map of h(x,y), a gradient arrow at x_k, and a Hessian-adjusted Newton step toward the basin minimum, with the matrix equation H Delta-x = −gradient h printed beside it.",,specified
141,FIG-01-26-005,01-26,26.5,graph,"Data plot with measured points connected locally by a straight interpolation segment between x0 and x1. A target x inside the interval projects to an interpolated y with the fractional distance lambda marked. To the right of x1 the same line is extended as a dashed extrapolation with a warning label ""outside measured range — assumption grows stronger"".","Data plot with measured points connected locally by a straight interpolation segment between x0 and x1. A target x inside the interval projects to an interpolated y with the fractional distance lambda marked. To the right of x1 the same line is extended as a dashed extrapolation with a warning label ""outside measured range — assumption grows stronger"".",,specified
142,FIG-01-26-006,01-26,26.6,diagram,"Three aligned panels integrate the same smooth curve over the same equally spaced grid. Left uses forward rectangles, middle uses trapezoids joining adjacent points, and right uses parabolic Simpson segments. Under the panels the composite weight patterns are printed: rectangle all left endpoints, trapezoid 1-2-2-...-2-1, Simpson 1-4-2-4-...-4-1 with ""n even"" highlighted.","Three aligned panels integrate the same smooth curve over the same equally spaced grid. Left uses forward rectangles, middle uses trapezoids joining adjacent points, and right uses parabolic Simpson segments. Under the panels the composite weight patterns are printed: rectangle all left endpoints, trapezoid 1-2-2-...-2-1, Simpson 1-4-2-4-...-4-1 with ""n even"" highlighted.",,specified
143,FIG-01-26-007,01-26,26.7,graph,"Slope field for a first-order ODE with an exact solution curve and two Euler approximations from the same initial point. The coarse-step path uses long tangent segments and visibly departs from the curve; the fine-step path uses shorter tangent segments and follows it more closely. An inset shows one update y_(k+1)=y_k+Delta-t f(t_k,y_k).","Slope field for a first-order ODE with an exact solution curve and two Euler approximations from the same initial point. The coarse-step path uses long tangent segments and visibly departs from the curve; the fine-step path uses shorter tangent segments and follows it more closely. An inset shows one update y_(k+1)=y_k+Delta-t f(t_k,y_k).",,specified
144,FIG-01-27-001,01-27,27.1,diagram,"An algorithm contract diagram with four labeled boxes arranged left to right: Inputs and Preconditions feed a central Procedure box, which feeds Outputs and Postconditions. A red side branch from the Procedure box leads to Failure Status. The worked cylinder example is embedded below: inputs r and h; precondition r≥0 and h≥0; process V=πr²h; output V; postcondition V≥0 with volume units.","An algorithm contract diagram with four labeled boxes arranged left to right: Inputs and Preconditions feed a central Procedure box, which feeds Outputs and Postconditions. A red side branch from the Procedure box leads to Failure Status. The worked cylinder example is embedded below: inputs r and h; precondition r≥0 and h≥0; process V=πr²h; output V; postcondition V≥0 with volume units.",,specified
145,FIG-01-27-002,01-27,27.2,flowchart,"A textbook flowchart-symbol reference. Four large symbols are shown with labels: rounded terminal START/STOP, rectangle PROCESS, parallelogram DATA I/O, and diamond DECISION. Beneath them a complete example reads diameter d, tests d>0, sends the No branch to ""report invalid input"" and STOP, and sends the Yes branch to ""A=πd²/4; sigma=F/A"", then output sigma and STOP. All decision exits are explicitly labeled Yes/No.","A textbook flowchart-symbol reference. Four large symbols are shown with labels: rounded terminal START/STOP, rectangle PROCESS, parallelogram DATA I/O, and diamond DECISION. Beneath them a complete example reads diameter d, tests d>0, sends the No branch to ""report invalid input"" and STOP, and sends the Yes branch to ""A=πd²/4; sigma=F/A"", then output sigma and STOP. All decision exits are explicitly labeled Yes/No.",,specified
146,FIG-01-27-003,01-27,27.3,diagram,"A split instructional figure. Left side shows pseudocode for sum=0 and a for-loop k=1 to 4 adding k². Right side is a trace table with rows for k=1,2,3,4 and accumulator values 1,5,14,30. A callout contrasts assignment ""sum = sum + k²"" with comparison ""sum == 30"" and states that assignment changes stored state while comparison returns true or false.","A split instructional figure. Left side shows pseudocode for sum=0 and a for-loop k=1 to 4 adding k². Right side is a trace table with rows for k=1,2,3,4 and accumulator values 1,5,14,30. A callout contrasts assignment ""sum = sum + k²"" with comparison ""sum == 30"" and states that assignment changes stored state while comparison returns true or false.",,specified
147,FIG-01-27-004,01-27,27.4,diagram,"A number line from 0 to above 1.0 is partitioned at 0.5 and 1.0 into PASS, REVIEW, and FAIL regions. Above it, a three-branch pseudocode decision ladder shows if e<=0.5, else if e<=1.0, else. Boundary markers at exactly 0.5 and 1.0 are emphasized. A small inset shows De Morgan equivalence: NOT(x>=0 AND x<=10) becomes x<0 OR x>10.","A number line from 0 to above 1.0 is partitioned at 0.5 and 1.0 into PASS, REVIEW, and FAIL regions. Above it, a three-branch pseudocode decision ladder shows if e<=0.5, else if e<=1.0, else. Boundary markers at exactly 0.5 and 1.0 are emphasized. A small inset shows De Morgan equivalence: NOT(x>=0 AND x<=10) becomes x<0 OR x>10.",,specified
148,FIG-01-27-005,01-27,27.5,flowchart,"Three side-by-side loop flow diagrams. FOR shows initialize k, body, increment k, and known-count test. WHILE shows condition before body and a possible zero-pass path. DO-WHILE shows body before the condition and guarantees at least one pass. Below, a five-point array x[1] through x[5] is connected by four interval brackets, with a warning that looping k=1 through 5 and accessing x[k+1] requests nonexistent x[6].","Three side-by-side loop flow diagrams. FOR shows initialize k, body, increment k, and known-count test. WHILE shows condition before body and a possible zero-pass path. DO-WHILE shows body before the condition and guarantees at least one pass. Below, a five-point array x[1] through x[5] is connected by four interval brackets, with a warning that looping k=1 through 5 and accessing x[k+1] requests nonexistent x[6].",,specified
149,FIG-01-27-006,01-27,27.6,flowchart,"A guarded numerical-algorithm flowchart centered on Newton iteration. START leads to read x0, tol, maxIter; evaluate residual; if residual small go to CONVERGED; otherwise evaluate derivative; if derivative too small go to FAILURE; otherwise perform Newton update and increment iteration. A max-iteration decision either loops back or exits with NOT CONVERGED. Along the bottom are smaller guard boxes for bisection ""opposite signs?"", Simpson ""n positive and even?"", and Euler ""step count reaches requested final time?"".","A guarded numerical-algorithm flowchart centered on Newton iteration. START leads to read x0, tol, maxIter; evaluate residual; if residual small go to CONVERGED; otherwise evaluate derivative; if derivative too small go to FAILURE; otherwise perform Newton update and increment iteration. A max-iteration decision either loops back or exits with NOT CONVERGED. Along the bottom are smaller guard boxes for bisection ""opposite signs?"", Simpson ""n positive and even?"", and Euler ""step count reaches requested final time?"".",,specified
