Figure ID,Chapter,Section,Type,Description,Alt Text,Priority,Status
FIG-00-01-001,00-01,§1.1,Flowchart,"Layer structure: five boxes stacked vertically (L0-L3 + Reference) with L2 expanded into six tiers 2A-2F","Flowchart showing five guide layers stacked vertically with Layer 2 expanded to show tiers 2A through 2F",HIGH,Needed
FIG-00-01-002,00-01,§1.5,Diagram,"Chapter anatomy: 14 sections in a vertical list grouped into three zones — orientation / content / assessment","Vertical list of 14 chapter sections bracketed into three groups: orientation at top, content in middle, assessment at bottom",MEDIUM,Needed
FIG-00-02-001,00-02,§2.7,Timeline bar,"6-hour appointment horizontal bar segmented into tutorial / exam / break with four checkpoint markers overlaid on the exam segment","Horizontal bar showing the 6-hour FE appointment divided into labeled segments with four checkpoint markers at quarter intervals",HIGH,Needed
FIG-00-03-001,00-03,§3.3,Section map visual,"Two-column Handbook section map with general sections left and discipline sections right; bar heights proportional to page count","Two-column visual of Handbook sections sized proportionally to page count. 15 general sections on left; 6 discipline sections on right.",HIGH,Needed
FIG-00-03-002,00-03,§3.4,Flowchart,"Three-pass lookup method: Classify > Navigate > Verify boxes with decision diamonds and arrows","Three sequential boxes labeled Classify, Navigate, Verify with internal checklists and connecting arrows",HIGH,Needed
FIG-01-01-001,01-01,§1.4,Number line,"Order-of-magnitude number line 10^-19 to 10^11 with five labeled engineering reference points: electron charge, human hair, standard gravity, atmospheric pressure, steel modulus","Logarithmic number line from 10^-19 to 10^11 with five labeled reference points",HIGH,Needed
FIG-01-01-002,01-01,§1.5,Ladder diagram,"Metric prefix ladder: 16 rungs atto to exa with name / symbol / power; 8 engineering-critical rungs (tera through pico) highlighted","Vertical ladder of 16 metric prefixes. Each rung shows name, symbol, and power of ten. Eight central rungs highlighted.",HIGH,Needed
FIG-01-01-003,01-01,§1.5,Matrix,"Prefix pair multiplication matrix: 5x5 showing net prefix for kilo/mega/giga multiplied by milli/micro/nano combinations","5-by-5 matrix showing net SI prefix when row prefix is multiplied by column prefix",MEDIUM,Needed
FIG-01-01-004,01-01,§1.4 WEx3,Annotated diagram,"Labeled rectangle cross-section with 840 kN axial load arrow and mm²-to-m² conversion annotation box","Rectangular cross-section with axial load arrow and annotation showing the mm-squared to m-squared conversion factor",MEDIUM,Needed
FIG-01-02-001,01-02,§2.1,Pyramid diagram,"Three-tier hierarchy pyramid: Physical Quantity (bottom) / Dimension (middle) / Units — m, ft, in, nm (top)","Three-tier pyramid showing physical quantity at base, dimension in middle, and multiple unit examples at top",HIGH,Needed
FIG-01-02-002,01-02,§2.2,Tree diagram,"SI derived units tree: kg, m, s as roots branching through physical definitions (F=ma, P=F/A, W=Fd, P=W/t) to N, Pa, J, W","Tree diagram connecting base units kg, m, s through physical definitions to derived units N, Pa, J, W",HIGH,Needed
FIG-01-02-003,01-02,§2.4 WEx1,Equation check diagram,"Pendulum period dimensional check: [T_p]=T vs [2π√(Lg)]=L/T with large ≠ symbol; corrected form [2π√(L/g)] below with checkmark","Two-column dimensional check diagram for pendulum period equation showing the mismatch and the corrected form",HIGH,Needed
FIG-01-02-004,01-02,§2.5,Flowchart,"Factor-label method: three-step linear diagram (Write units → Set up fractions → Cancel units) with decision branch: units cancel correctly → compute; units don't cancel → invert the factor","Three-step flowchart for unit conversion by factor-label method with a decision branch at the cancellation step",HIGH,Needed
FIG-01-02-005,01-02,§2.6.1,Comparison table,"Three-column system comparison: SI / USCS-slug / USCS-lbm-lbf with rows for base unit count, mass unit, force unit, and F=ma form. The lbm/lbf column highlighted with warning note: over-determined — needs g_c","Three-column table comparing SI, USCS slug, and USCS lbm/lbf systems. The lbm/lbf column is highlighted.",HIGH,Needed
FIG-01-02-006,01-02,§2.6.3,Side-by-side card,"g vs g_c comparison: two boxes with all differences; warning text 'same number 32.174 — not the same thing' between them","Two comparison boxes for g and g_c showing name, variability, units, and nature with warning text between them",HIGH,Needed
FIG-01-02-007,01-02,§2.6.4,Annotated equation,"Newton's second law in three rows: SI (F=ma) / slug (F=ma) / lbm (F=ma/g_c) with unit annotations; g_c circled with note: bookkeeping factor not physics","Three rows showing Newton's second law in three unit systems with unit annotations. g_c circled in row 3.",HIGH,Needed
FIG-01-02-008,01-02,§2.7,Scale diagram,"Four parallel vertical temperature scales (°F, °C, K, °R) with horizontal reference lines at absolute zero, water freezing, water boiling, and body temperature; degree size brackets on the right","Four parallel vertical temperature scales connected by horizontal reference lines at key temperatures with degree size brackets",HIGH,Needed
FIG-01-02-009,01-02,§2.7,Decision flowchart,"Temperature scale selection: bare T? → use absolute (K or °R); ΔT only? → use either scale in correct size pair; crossing degree sizes? → apply factor 1.8","Decision flowchart for choosing temperature scale based on equation type and degree size",HIGH,Needed
FIG-01-02-010,01-02,§2.8,Reference grid,"Universal gas constant: 2x2 grid showing all four forms with values, units, and use-case notes (SI energy, SI pV, USCS, chemistry)","Two-by-two grid showing the four forms of the universal gas constant with values, units, and context notes",MEDIUM,Needed
FIG-01-03-001,01-03,§3.1,Dartboard matrix,"2x2 accuracy-precision matrix: four dartboard illustrations showing accurate+precise, precise-only, accurate-only, and neither","Four dartboard illustrations in a two-by-two grid showing each combination of accuracy and precision",HIGH,Needed
FIG-01-03-002,01-03,§3.3,Decision flowchart,"Significant figures identification flowchart: is digit nonzero? → significant; if zero → branch by position: leading (not sig), sandwiched (sig), trailing-after-decimal (sig), trailing-in-whole-number (ambiguous)","Decision flowchart for classifying whether a digit is significant based on its position",HIGH,Needed
FIG-01-03-003,01-03,§3.6,Side-by-side calculation,"Catastrophic cancellation: same expression computed twice — left with full precision giving 335, right with premature rounding giving 347 — with 3.5% error annotation in red","Side-by-side calculation showing the effect of premature rounding: 335 correct vs 347 wrong with error annotation",HIGH,Needed
FIG-01-11-001,01-11,§11.2,Unit circle,"Full unit circle with labeled coordinates (cos θ, sin θ) at all 16 standard angles (0° 30° 45° 60° 90° 120° 135° 150° 180° 210° 225° 240° 270° 300° 315° 330°) in both degrees and radians","Unit circle with labeled angle measures in degrees and radians and coordinate pairs at each standard angle",HIGH,Needed
FIG-01-11-002,01-11,§11.2,Visual table,"Standard angle table shown as a color-coded visual grid: sine column uses the square-root pattern (√0/2 through √4/2); cosine column reverses it; symmetry highlighted with color bands","Visual table of standard angle trig values color-coded to show the square-root pattern and sine-cosine symmetry",HIGH,Needed
FIG-01-11-003,01-11,§11.3,CAST diagram,"Coordinate plane divided into four quadrants with CAST letters placed counterclockwise from Q IV: C (cosine positive), A (all positive), S (sine positive), T (tangent positive). Each quadrant lists its positive functions.","Coordinate plane with four quadrants labeled with CAST mnemonic and the positive trig functions in each quadrant",HIGH,Needed
FIG-01-11-004,01-11,§11.5,Right triangle,"Right triangle with labeled sides a (opposite), b (adjacent), c (hypotenuse) and angle theta at the lower left. SOH-CAH-TOA annotations next to each ratio.","Right triangle with sides and angle labeled showing the SOH-CAH-TOA relationships",HIGH,Needed
FIG-01-11-005,01-11,§11.6,Triangle diagram,"General triangle with sides a, b, c and angles A, B, C labeled at their respective vertices; law of sines ratio shown as annotation: a/sin A = b/sin B = c/sin C","General triangle with all sides and angles labeled showing the law of sines annotation",MEDIUM,Needed
FIG-01-11-006,01-11,§11.10,Force decomposition,"Force vector F at angle theta from horizontal resolved into horizontal component Fx = F cos theta (right-pointing arrow) and vertical component Fy = F sin theta (upward arrow) forming a right triangle","Force vector decomposition diagram showing a force resolved into horizontal and vertical components",HIGH,Needed
FIG-01-12-001,01-12,§12.2,Complex plane,"Argand diagram showing point z = a + jb plotted in the complex plane; real axis horizontal, imaginary axis vertical; modulus r shown as the hypotenuse from origin to z; angle theta marked from the positive real axis","Complex plane (Argand diagram) showing a point z with real and imaginary components, modulus r, and argument theta",HIGH,Needed
FIG-01-12-002,01-12,§12.3,Conversion diagram,"Rectangular-to-polar conversion: right triangle in the complex plane with legs a (real) and b (imaginary) and hypotenuse r; formulas r = sqrt(a²+b²) and theta = arctan(b/a) annotated; reverse formulas a = r cos theta and b = r sin theta shown","Conversion diagram between rectangular and polar forms of a complex number showing the right-triangle relationship",HIGH,Needed
FIG-01-12-003,01-12,§12.7,Phasor diagram,"Complex plane showing two phasors V1 and V2 as arrows from the origin at different angles; their vector sum phasor Vs shown; angles from real axis labeled; corresponding time-domain cosine waveforms sketched alongside","Phasor diagram showing two voltage phasors and their resultant on the complex plane with corresponding time-domain waveforms",HIGH,Needed
FIG-01-13-001,01-13,§13.1,3D coordinate diagram,"Right-hand 3D coordinate system with x, y, z axes and unit vectors i-hat, j-hat, k-hat labeled; a vector A shown decomposed into components Ax, Ay, Az along each axis with the component projections drawn","3D coordinate system showing a vector decomposed into its three components along the x, y, and z axes",HIGH,Needed
FIG-01-13-002,01-13,§13.2,Vector addition diagram,"Two methods of vector addition side by side: tip-to-tail method on the left with vectors A and B placed head to tail and resultant R shown; parallelogram method on the right with A and B sharing a tail and diagonal R","Side-by-side diagram showing tip-to-tail and parallelogram methods of vector addition producing the same resultant",HIGH,Needed
FIG-01-13-003,01-13,§13.4,Dot product geometry,"Two vectors A and B from a common origin with angle theta between them; the projection of B onto A labeled as |B|cos(theta); the scalar projection shown as a length along A","Dot product geometry showing two vectors, the angle between them, and the projection of one onto the other",HIGH,Needed
FIG-01-13-004,01-13,§13.5,Cross product geometry,"Vectors A and B in a plane with angle theta between them; the cross product vector A×B shown perpendicular to the plane containing A and B; right-hand rule hand gesture shown; parallelogram formed by A and B shaded with area label |A||B|sin(theta)","Cross product illustration showing vectors A and B, their cross product perpendicular to both, the right-hand rule, and the parallelogram area",HIGH,Needed
FIG-01-14-001,01-14,§14.1,Matrix anatomy,"A 3x4 matrix displayed with rows numbered 1-3 along the left edge and columns numbered 1-4 along the top edge; element a_23 highlighted with two arrows tracing back to its row index 2 and column index 3; caption reminder 'rows before columns'","Matrix anatomy diagram showing a 3-by-4 matrix with row and column indices labeled and one element highlighted to show its position indices",MEDIUM,Needed
FIG-01-14-002,01-14,§14.3,Multiplication diagram,"Matrix multiplication mechanics: matrix A on the left with row i shaded horizontally, matrix B at the top with column j shaded vertically, product matrix AB at lower right with element (i,j) highlighted; arrows converge from the shaded row and column onto that element; the summation formula sum over k of a_ik times b_kj annotated below","Matrix multiplication diagram showing a highlighted row of A and column of B converging on the corresponding element of the product AB with the summation formula annotated",HIGH,Needed
FIG-01-14-003,01-14,§14.5,Cofactor expansion,"3x3 determinant cofactor expansion: the matrix shown with the plus-minus-plus checkerboard sign pattern overlaid; row 1 highlighted; to the right, each of the three 2x2 minors extracted and displayed separately with its sign, showing which row and column were deleted for each","Cofactor expansion diagram for a 3-by-3 determinant showing the checkerboard sign pattern and the three 2-by-2 minors extracted from the first row",HIGH,Needed
FIG-01-14-004,01-14,§14.6,Geometric comparison,"Two side-by-side transformations of a unit square. Left panel: nonsingular matrix maps the square to a parallelogram, area labeled |det A|, with a two-way arrow indicating the transformation is reversible. Right panel: singular matrix collapses the square onto a line segment, area labeled zero, with the reverse arrow crossed out to indicate irreversibility and lost information.","Side-by-side geometric comparison showing a nonsingular matrix mapping a unit square to a parallelogram and a singular matrix collapsing it to a line",HIGH,Needed
FIG-01-14-005,01-14,§14.9,Eigenvector geometry,"Coordinate grid with several input vectors drawn from the origin and their images under transformation A shown as dashed arrows. Most input-output pairs point in different directions, indicated by curved arcs showing the rotation. Two special vectors lying along the eigenvector directions map to vectors on the same line through the origin, one scaled by lambda-1 and one by lambda-2; those two directions are highlighted and labeled as eigenvector directions.","Eigenvector geometry diagram showing that most vectors change direction under a transformation while eigenvectors stay on the same line and are only scaled",HIGH,Needed
FIG-01-15-001,01-15,§15.1,Comparison plot,"Side-by-side: continuous function f(x) = 4x − 1 as a smooth line, and sequence a_n = 4n − 1 as isolated dots at n = 1 through 6 lying on that line, with the gaps between dots emphasized to show the integer-only domain","Comparison plot of a continuous line and a sequence drawn as isolated dots on that line, showing the restriction to integer inputs",MEDIUM,Needed
FIG-01-15-002,01-15,§15.3,Annotated calculation,"Gauss pairing visual: the series 4 + 7 + 10 + 13 + 16 + 19 in a row with curved arrows pairing first-with-last, second-with-fifth, third-with-fourth; each pair labeled with the identical sum 23; total shown as 3 pairs × 23 = 69","Arithmetic series with curved arrows pairing terms from the outside in, each pair summing to the same value",HIGH,Needed
FIG-01-15-003,01-15,§15.4,Comparison plot,"Two panels. Left: arithmetic progression a_n = 4 + 3(n−1) as dots on a straight line. Right: geometric progressions plotted as dots — a_n = 4(1.5)^(n−1) curving upward and a_n = 4(0.6)^(n−1) decaying toward zero, all three series labeled","Two-panel plot comparing linear growth of an arithmetic progression with exponential growth and decay of geometric progressions",HIGH,Needed
FIG-01-15-004,01-15,§15.5,Convergence plot,"Two panels of partial sums S_n versus n for n = 1 to 10. Left: a₁ = 8, r = 0.5, rising and flattening onto a horizontal dashed asymptote labeled S∞ = 16. Right: a₁ = 8, r = 1.2, rising steeply off the top of the frame, labeled DIVERGES, no asymptote","Two-panel plot of partial sums showing a convergent geometric series flattening onto an asymptote and a divergent one growing without bound",HIGH,Needed
FIG-01-16-001,01-16,§16.1,Annotated graph,"Graph of f(x) = (x²−9)/(x−3) — the line y = x+3 with an open circle at (3,6); dashed approach arrows from both sides converging on y = 6, callouts labeling ""f(3) undefined"" and ""limit = 6""","Graph showing a line with a hole at x = 3, with arrows approaching the hole from both sides and converging on the height 6",HIGH,Needed
FIG-01-16-002,01-16,§16.3,Three-panel comparison,"Three ways a limit fails: (1) jump — piecewise graph with filled dot at 3 and open dot at 4 at x = 1, vertical gap labeled; (2) unbounded — 1/(x−2)² with vertical asymptote at x = 2, both branches sweeping off frame; (3) oscillation — sin(1/x) compressing into ever-tighter oscillations between −1 and +1 near x = 0","Three panels showing the three failure modes of a limit: a jump discontinuity, unbounded growth at an asymptote, and infinite oscillation near zero",HIGH,Needed
FIG-01-16-003,01-16,§16.6,Three-panel comparison,"Rational function limits at infinity over a wide x-range with horizontal dashed reference lines: (1) (4x+1)/(x²−3) flattening onto y = 0; (2) (3x²+5x−2)/(7x²−x+4) flattening onto y = 3/7 ≈ 0.4286; (3) (2x³−x)/(5x²+1) rising off frame with no asymptote","Three panels showing rational functions at large x: one approaching zero, one approaching the ratio of leading coefficients, and one growing without bound",HIGH,Needed
FIG-01-16-004,01-16,§16.8,Two-panel graph plus geometry,"Left: y = sin(θ)/θ from θ = −6 to 6 rad with an open circle at (0,1) and dashed approach arrows converging on y = 1. Right: unit-circle sector with small angle θ showing arc length θ, the chord, and the vertical segment sin θ superimposed, with callout noting arc and segment become indistinguishable as θ shrinks","Two panels: the graph of sine theta over theta with a hole at one, and a unit circle sector showing why the arc and the sine segment converge for small angles",MEDIUM,Needed
FIG-01-16-005,01-16,§16.9,Four-panel comparison,"Continuity and its three failures at x = a: (1) Continuous — smooth curve through a filled dot; (2) Removable — same curve with open circle, arrow labeled ""redefine f(a) to fix""; (3) Jump — filled dot at one height, open dot at another, gap labeled; (4) Infinite — vertical dashed asymptote with branches to ±∞. Each panel labeled with which continuity condition fails","Four panels showing a continuous function and the three types of discontinuity — removable, jump, and infinite — each labeled with the failing continuity condition",HIGH,Needed
FIG-01-16-006,01-16,§16.10,Two-panel comparison,"Left ""Continuous — IVT applies"": smooth curve from (a, f(a)) below the axis to (b, f(b)) above it, crossing at marked point c, labeled ""root guaranteed"". Right ""Discontinuous — IVT does not apply"": curve jumping across the axis at a vertical asymptote between a and b, sign change present but no crossing, labeled ""sign change without a root""","Two panels contrasting a continuous function whose sign change guarantees a root with a discontinuous function that changes sign without crossing zero",HIGH,Needed
FIG-01-17-001,01-17,§17.1,Limit-process diagram,"Curve y = f(x) with fixed point P at (a, f(a)) and three successively closer points Q1, Q2, Q3 at (a+h, f(a+h)) for decreasing h. Three secant lines PQ1, PQ2, PQ3 in progressively lighter dashes pivoting toward a solid tangent line at P. Each secant labeled with slope Δy/Δx; tangent labeled f'(a). Callout: 'h shrinks; secant → tangent'","Curve with three secant lines through a fixed point pivoting toward the tangent line as the second point approaches, illustrating the limit definition of the derivative",HIGH,Needed
FIG-01-17-002,01-17,§17.2,Paired plot,"Two vertically stacked x-aligned plots. Top: curve f(x) with a local maximum and local minimum, tangent lines drawn at four marked points (rising stretch, maximum, falling stretch, minimum). Bottom: f'(x) on the same x-axis, crossing zero below each horizontal tangent, positive where f rises and negative where f falls. Vertical dashed guides connect the four points","Two stacked aligned plots showing a function above and its derivative below, with the derivative crossing zero wherever the function has a horizontal tangent",HIGH,Needed
FIG-01-17-003,01-17,§17.4,Four-panel comparison,"Four panels each showing a curve near x = a. Panel 1 'Corner — |x|': V shape at origin with tangent lines of slope −1 and +1, labeled 'left and right derivatives differ'. Panel 2 'Cusp — x^(2/3)': sharp upward point with near-vertical tangents pointing opposite ways. Panel 3 'Vertical tangent — x^(1/3)': S-curve through origin with vertical dashed tangent, labeled 'slope undefined'. Panel 4 'Discontinuity': a jump with filled and open dots at different heights","Four panels showing the ways a function can fail to be differentiable: corner, cusp, vertical tangent, and discontinuity",HIGH,Needed
FIG-01-17-004,01-17,§17.6,Nested-layer diagram,"Expression sin³(2x+1) drawn as three concentric rounded boxes: innermost 'inner: 2x+1, derivative 2'; middle 'middle: sin(u), derivative cos(u)'; outer 'outer: (·)³, derivative 3(·)²'. To the right the three derivative factors shown multiplied in order — 3sin²(2x+1) · cos(2x+1) · 2 — with arrows connecting each factor to its layer, final result 6sin²(2x+1)cos(2x+1) boxed below","Nested concentric boxes showing the three layers of a composite function with each layer's derivative and the factors multiplied together to give the chain rule result",HIGH,Needed
FIG-01-17-005,01-17,§17.8,Stacked kinematic plots,"Three vertically stacked t-aligned plots for s(t) = t³ − 6t² + 9t on 0 ≤ t ≤ 4. Top: position s(t) with local maximum at t = 1 and local minimum at t = 3. Middle: velocity v(t) = 3t² − 12t + 9, parabola crossing zero at t = 1 and t = 3, negative between. Bottom: acceleration a(t) = 6t − 12, straight line crossing zero at t = 2. Vertical dashed guides at t = 1, 2, 3 through all panels. Annotations: 'v = 0 at the turning points of s' and 'a = 0 where v is at its minimum'","Three stacked aligned plots of position, velocity, and acceleration versus time showing how each derivative relates to the features of the one above it",HIGH,Needed
FIG-01-18-001,01-18,FIG-01-18-001-mean-value-theorem.png,"Curve over [a,b] with secant between endpoints and a parallel tangent at interior point c; both slopes labeled",diagram,drafted
FIG-01-18-002,01-18,FIG-01-18-002-critical-point-types.png,"Four panels showing f'(c)=0 outcomes: local max, local min, x³ inflection with no extremum, |x| corner minimum; each with f' sign strip",diagram,drafted
FIG-01-18-003,01-18,FIG-01-18-003-sign-chart.png,"Number-line sign chart for f'(x)=3(x−3)(x+1) with test values, signs, rise/fall arrows, and max/min annotations",diagram,drafted
FIG-01-18-004,01-18,FIG-01-18-004-concavity-inflection.png,"S-curve with concave-down and concave-up regions shaded and inflection point marked; inset of y=x⁴ showing f''(0)=0 with no sign change",diagram,drafted
FIG-01-18-005,01-18,FIG-01-18-005-complete-curve-sketch.png,"Annotated sketch of f(x)=x³−3x²−9x+5 with local max (−1,10), local min (3,−22), inflection (1,−6), y-intercept, bracketed x-intercepts, and concavity bands",plot,drafted
FIG-01-18-006,01-18,FIG-01-18-006-tank-optimization.png,"Open-top square-base tank isometric with x and h labeled, paired with plot of A(x)=x²+128/x showing minimum at (4,48)",diagram+plot,drafted
FIG-01-18-007,01-18,FIG-01-18-007-conical-tank-related-rates.png,"Inverted cone tank cross-section with 3.0 m top radius, 4.0 m depth, water at depth h with radius r, similar-triangle construction, outflow and level-rate arrows",diagram,drafted
FIG-01-18-008,01-18,FIG-01-18-008-differential-vs-actual.png,"Curve with tangent at (a,f(a)) showing dy along the tangent versus Δy along the curve over increment Δx, with the error gap bracketed",diagram,drafted
FIG-01-19-001,01-19,FIG-01-19-001-antiderivative-family.png,19.1,graph,"Family of curves y = x³ + C for five values of C with parallel tangent segments; vertical shift labeled as difference in C",specified
FIG-01-19-002,01-19,FIG-01-19-002-riemann-sums.png,19.3,graph,"Four panels of Riemann approximations to y = x² on [0,2]: left-endpoint under, right-endpoint over, midpoint, and n = 16 refinement",specified
FIG-01-19-003,01-19,FIG-01-19-003-signed-area.png,19.4,graph,"Function crossing the axis twice with three shaded regions labeled +A₁, −A₂, +A₃; net versus total area expressions compared",specified
FIG-01-19-004,01-19,FIG-01-19-004-fundamental-theorem.png,19.5,diagram,"Two aligned panels: f(t) with accumulated area G(x) and a thin strip of height f(x); G(x) plotted below with tangent slope f(x)",specified
FIG-01-19-005,01-19,FIG-01-19-005-substitution-mechanism.png,19.6,diagram,"Two-column comparison of chain rule forward versus substitution reversed, showing u = x² absorbing the inner derivative into du",specified
FIG-01-19-006,01-19,FIG-01-19-006-average-value.png,19.7,graph,"Curve with average-value rectangle overlaid; excess and deficit regions hatched and labeled as equal",specified
FIG-01-20-001,01-20,FIG-01-20-001-area-between-curves.png,20.1,graph,"Region between y = x² and y = x + 2 with intersection points marked and one vertical slice showing height (x+2) − x²",specified
FIG-01-20-002,01-20,FIG-01-20-002-slice-direction.png,20.1,graph,"Two panels of the region bounded by x = y² and x = 4, contrasting horizontal slices (one function) with vertical slices (two branches)",specified
FIG-01-20-003,01-20,FIG-01-20-003-disc-washer.png,20.3,diagram,"Disc method for y = √x and washer method for the region between y = 2x and y = x², each with the revolved slice sketched in three dimensions",specified
FIG-01-20-004,01-20,FIG-01-20-004-shell-method.png,20.4,diagram,"Vertical slice revolved about the y-axis into a cylindrical shell, then unrolled flat showing dimensions 2πx by h by dx",specified
FIG-01-20-005,01-20,FIG-01-20-005-arc-length-element.png,20.5,diagram,"Curve with magnified inset showing the right triangle of legs dx and dy with hypotenuse dL along the curve",specified
FIG-01-20-006,01-20,FIG-01-20-006-centroid-integration.png,20.6,graph,"Parabolic spandrel under y = x² to x = 3 with slice centroid at mid-height and overall centroid marked at (2.25, 2.70)",specified
FIG-01-20-007,01-20,FIG-01-20-007-parallel-axis-theorem.png,20.7,diagram,"Rectangle with centroidal and base axes labeled bh³/12 and bh³/3, transfer distance d = h/2, and the Ad² transfer written out",specified
FIG-01-20-008,01-20,FIG-01-20-008-pumping-work.png,20.8,diagram,"Cross-section of a 1.5 m by 4.0 m cylindrical tank with one water slice at height y, lift distance 4.0 − y, and the centroid line at y = 2.0",specified
FIG-01-21-001,01-21,FIG-01-21-001-parts-from-product-rule.png,21.1,diagram,"Product rule forward versus integration by parts reversed, with the worked instance of ∫x·eˣdx tagged by u and dv",specified
FIG-01-21-002,01-21,FIG-01-21-002-reference-triangles.png,21.3,diagram,"Three reference triangles for x = a sinθ, x = a tanθ, and x = a secθ with all sides labeled and the eliminated radical boxed",specified
FIG-01-21-003,01-21,FIG-01-21-003-partial-fractions-flow.png,21.4,flowchart,"Decision flow from rational function through properness check and factoring to the three decomposition templates and constant solving",specified
FIG-01-21-004,01-21,FIG-01-21-004-improper-convergence.png,21.5,graph,"Side-by-side shaded regions under 1/x² and 1/x on [1,∞) with the p-test summary between them",specified
FIG-01-21-005,01-21,FIG-01-21-005-integration-strategy.png,21.6,flowchart,"Vertical decision chart routing an unfamiliar integral through algebra, table, substitution, parts, identities, trig substitution, and partial fractions to numerical methods",specified
FIG-01-21-006,01-21,FIG-01-21-006-force-pulse-impulse.png,21.7,graph,"Force pulse F = 500(t/τ)e^(−t/τ) with peak marked at (0.040, 184); impulse split into 26.4 percent before the peak and 73.6 percent after",specified
FIG-01-22-001,01-22,FIG-01-22-001-partial-sums.png,22.1,graph,"Partial sums of Σ1/2ⁿ levelling at 1 above partial sums of the harmonic series still climbing at n = 20",specified
FIG-01-22-002,01-22,FIG-01-22-002-integral-test.png,22.2,graph,"Decreasing curve with two sets of unit-width rectangles bracketing the area above and below, illustrating the integral test",specified
FIG-01-22-003,01-22,FIG-01-22-003-interval-of-convergence.png,22.3,diagram,"Number line with centre a, radius R to each endpoint, endpoints flagged for separate testing, and the [−1,5) worked case inset",specified
FIG-01-22-004,01-22,FIG-01-22-004-taylor-polynomials-sine.png,22.4,graph,"y = sin x on [−π,π] with P₁, P₃, and P₅ overlaid, each labeled where it departs from the sine",specified
FIG-01-22-005,01-22,FIG-01-22-005-small-angle-error.png,22.6,graph,"Semi-log relative error against angle to 40 degrees for sinθ ≈ θ, sinθ ≈ θ − θ³/6, and cosθ ≈ 1 − θ²/2 with a 1 percent reference line crossing near 14 degrees",specified
FIG-01-22-006,01-22,FIG-01-22-006-tank-linearization.png,22.7,graph,"Exact h = 4.5(1 − e^(−t/6)) with one- and two-term approximations overlaid and the 1 percent linear validity band of 7 s shaded at the origin",specified