Chapter,Tier,Tier Subject,Title,Map Status
02-01,2A,Professional Practice,"Engineering Ethics, Public Welfare, and Professional Judgment",planned
02-02,2A,Professional Practice,"Licensure, Model Law, Model Rules, and Responsible Charge",planned
02-03,2A,Professional Practice,"Contracts, Professional Liability, and Intellectual Property",planned
02-04,2A,Professional Practice,"Cash Flows, Interest, and Economic Equivalence",planned
02-05,2A,Professional Practice,Present Worth and Future Worth,planned
02-06,2A,Professional Practice,"Annual Worth, Capital Recovery, and Gradient Series",planned
02-07,2A,Professional Practice,Rate of Return and Minimum Attractive Rate of Return,planned
02-08,2A,Professional Practice,"Breakeven, Benefit-Cost, and Payback Analysis",planned
02-09,2A,Professional Practice,"Inflation, Depreciation, Taxes, and Replacement",planned
02-10,2A,Professional Practice,"Economic Decision-Making, Project Selection, and Risk",planned
02-11,2B,Physical Science & Safety,"Atomic Structure, Bonding, and the Periodic Table",planned
02-12,2B,Physical Science & Safety,"Chemical Quantities, Stoichiometry, and Reaction Balancing",planned
02-13,2B,Physical Science & Safety,"Solutions, Concentration, Acids, Bases, and pH",planned
02-14,2B,Physical Science & Safety,"Chemical Equilibrium, Electrochemistry, and Corrosion",planned
02-15,2B,Physical Science & Safety,Organic Chemistry and Biological Systems,planned
02-16,2B,Physical Science & Safety,"Materials Classes, Structure, and Bonding",planned
02-17,2B,Physical Science & Safety,Material Properties and Engineering Selection,planned
02-18,2B,Physical Science & Safety,"Diffusion, Phase Change, Heat Treatment, and Processing",planned
02-19,2B,Physical Science & Safety,"Safety Systems, Hazard Communication, and Personal Protective Equipment",planned
02-20,2B,Physical Science & Safety,"Fire, Explosion, Electrical, and Confined-Space Hazards",planned
02-21,2B,Physical Science & Safety,"Toxicology, Exposure Limits, Risk, and Chemical Compatibility",planned
02-22,2C,Mechanics,Constructing a Free-Body Diagram,existing ledger seed
02-23,2C,Mechanics,Equilibrium Equations for a 2D Concurrent Force System,existing ledger seed
02-24,2C,Mechanics,Method of Joints for Planar Trusses,existing ledger seed
02-25,2C,Mechanics,"Moments, Couples, and Equivalent Force Systems",planned
02-26,2C,Mechanics,Rigid-Body Equilibrium and Support Reactions,planned
02-27,2C,Mechanics,"Method of Sections, Frames, and Machines",planned
02-28,2C,Mechanics,"Distributed Loads, Centroids, and Centers of Gravity",planned
02-29,2C,Mechanics,Area Moments of Inertia and the Parallel-Axis Theorem,planned
02-30,2C,Mechanics,Static Friction,planned
02-31,2C,Mechanics,Particle Kinematics — Rectilinear Motion,planned
02-32,2C,Mechanics,Particle Kinematics — Curvilinear and Relative Motion,planned
02-33,2C,Mechanics,Particle Kinetics — Force and Acceleration,planned
02-34,2C,Mechanics,"Work, Energy, and Power",planned
02-35,2C,Mechanics,"Impulse, Momentum, and Impact",planned
02-36,2C,Mechanics,Rigid-Body Planar Kinematics and Kinetics,planned
02-37,2C,Mechanics,"Stress, Strain, and Axial/Thermal Deformation",planned
02-38,2C,Mechanics,Torsion,planned
02-39,2C,Mechanics,"Beams — Shear, Moment, Bending, and Deflection",planned
02-40,2C,Mechanics,"Combined Stress, Principal Stress, and Mohr's Circle",planned
02-41,2D,Thermal & Fluid Sciences,"Fluid Properties, Pressure, and Hydrostatics",planned
02-42,2D,Thermal & Fluid Sciences,"Buoyancy, Manometry, and Forces on Submerged Surfaces",planned
02-43,2D,Thermal & Fluid Sciences,"Continuity, Velocity Fields, and Flow Kinematics",planned
02-44,2D,Thermal & Fluid Sciences,Bernoulli and Mechanical-Energy Equations,planned
02-45,2D,Thermal & Fluid Sciences,"Internal Flow — Reynolds Number, Friction, and Head Loss",planned
02-46,2D,Thermal & Fluid Sciences,"Momentum, Flow Measurement, Pumps, and Turbines",planned
02-47,2D,Thermal & Fluid Sciences,"Thermodynamic Systems, Properties, Work, and Heat",planned
02-48,2D,Thermal & Fluid Sciences,"Pure Substances, Phase Diagrams, and Property Tables",planned
02-49,2D,Thermal & Fluid Sciences,"Ideal Gases, Gas Mixtures, and Psychrometrics",planned
02-50,2D,Thermal & Fluid Sciences,First Law — Closed Systems,planned
02-51,2D,Thermal & Fluid Sciences,First Law — Control Volumes,planned
02-52,2D,Thermal & Fluid Sciences,"Second Law, Entropy, and Isentropic Processes",planned
02-53,2D,Thermal & Fluid Sciences,Power Cycles,planned
02-54,2D,Thermal & Fluid Sciences,Refrigeration and Heat Pumps,planned
02-55,2D,Thermal & Fluid Sciences,Conduction and Thermal Resistance,planned
02-56,2D,Thermal & Fluid Sciences,Extended Surfaces and Transient Conduction,planned
02-57,2D,Thermal & Fluid Sciences,Convection and Thermal Radiation,planned
02-58,2D,Thermal & Fluid Sciences,Heat Exchangers — LMTD and Effectiveness-NTU,planned
02-59,2E,Electrical,"Electrical Quantities, Ohm's Law, and DC Power",planned
02-60,2E,Electrical,Kirchhoff's Laws and Resistive Circuit Analysis,planned
02-61,2E,Electrical,"Capacitance, Inductance, and First-Order Transients",planned
02-62,2E,Electrical,"Sinusoids, Phasors, Impedance, and Resonance",planned
02-63,2E,Electrical,"AC Power, Power Factor, and Three-Phase Systems",planned
02-64,2E,Electrical,Magnetics and Transformers,planned
02-65,2E,Electrical,"Motors, Generators, and Electromechanical Energy Conversion",planned
02-66,2F,Measurement & Control,"Measurement Systems, Calibration, Accuracy, and Uncertainty",planned
02-67,2F,Measurement & Control,"Sensors, Transducers, Bridges, and Signal Conditioning",planned
02-68,2F,Measurement & Control,"Data Acquisition, Sampling, Dynamic Response, and Frequency Response",planned
02-69,2F,Measurement & Control,Transfer Functions and Feedback Control Fundamentals,planned
02-70,2F,Measurement & Control,"PID Control, Stability, and Control-Loop Hardware",planned
